{
  "added_tokens_decoder": {
    "0": {
      "content": "[PAD]",
      "lstrip": false,
      "normalized": false,
      "rstrip": false,
      "single_word": false,
      "special": true
    },
    "2": {
      "content": "[UNK]",
      "lstrip": false,
      "normalized": false,
      "rstrip": false,
      "single_word": false,
      "special": true
    },
    "312": {
      "content": "[CLS]",
      "lstrip": false,
      "normalized": false,
      "rstrip": false,
      "single_word": false,
      "special": true
    },
    "313": {
      "content": "[SEP]",
      "lstrip": false,
      "normalized": false,
      "rstrip": false,
      "single_word": false,
      "special": true
    },
    "314": {
      "content": "[MASK]",
      "lstrip": false,
      "normalized": false,
      "rstrip": false,
      "single_word": false,
      "special": true
    }
  },
  "bos_token": "[CLS]",
  "clean_up_tokenization_spaces": true,
  "cls_token": "[CLS]",
  "do_lower_case": false,
  "eos_token": "[SEP]",
  "keep_accents": true,
  "mask_token": "[MASK]",
  "max_length": 256,
  "model_max_length": 256,
  "pad_to_multiple_of": null,
  "pad_token": "[PAD]",
  "pad_token_type_id": 0,
  "padding_side": "right",
  "remove_space": true,
  "sep_token": "[SEP]",
  "stride": 0,
  "tokenizer_class": "RemBertTokenizer",
  "truncation_side": "right",
  "truncation_strategy": "longest_first",
  "unk_token": "[UNK]"
}
